<i>
  <i image="fly_0.png" delay="150" x="-33" y="-60"/>
  <i image="fly_1.png" delay="150" x="-33" y="-60"/>
  <i image="fly_2.png" delay="150" x="-33" y="-60"/>
  <i image="fly_3.png" delay="150" x="-33" y="-60"/>
  <i image="fly_4.png" delay="150" x="-33" y="-60"/>
  <i image="fly_5.png" delay="150" x="-33" y="-60"/>
  <i image="fly_6.png" delay="200" x="-33" y="-60"/>
  <i image="fly_7.png" delay="200" x="-33" y="-60"/>
  <i image="fly_8.png" delay="200" x="-33" y="-60"/>
  <i image="fly_9.png" delay="200" x="-33" y="-60"/>
  <i image="fly_10.png" delay="200" x="-33" y="-60"/>
  <i image="fly_11.png" delay="200" x="-33" y="-60"/>
  <i image="hit1_0.png" delay="600" x="-33" y="-60"/>
  <i image="die1_0.png" delay="120" x="-38" y="-65"/>
  <i image="die1_1.png" delay="120" x="-38" y="-65"/>
  <i image="die1_2.png" delay="120" x="-38" y="-65"/>
  <i image="die1_3.png" delay="120" x="-38" y="-65"/>
  <i image="die1_4.png" delay="120" x="-38" y="-65"/>
  <i image="die1_5.png" delay="300" x="-38" y="-65"/>
</i>