<i>
  <i image="move_0.png" delay="120" x="-112" y="-192"/>
  <i image="move_1.png" delay="120" x="-112" y="-192"/>
  <i image="move_2.png" delay="120" x="-112" y="-192"/>
  <i image="move_3.png" delay="120" x="-112" y="-192"/>
  <i image="move_4.png" delay="120" x="-112" y="-192"/>
  <i image="stand_0.png" delay="150" x="-110" y="-192"/>
  <i image="stand_1.png" delay="150" x="-110" y="-192"/>
  <i image="stand_2.png" delay="150" x="-110" y="-192"/>
  <i image="stand_3.png" delay="150" x="-110" y="-192"/>
  <i image="stand_4.png" delay="150" x="-110" y="-192"/>
  <i image="stand_5.png" delay="150" x="-110" y="-192"/>
  <i image="stand_6.png" delay="150" x="-110" y="-192"/>
  <i image="stand_7.png" delay="150" x="-110" y="-192"/>
  <i image="stand_8.png" delay="150" x="-110" y="-192"/>
  <i image="stand_9.png" delay="150" x="-110" y="-192"/>
  <i image="attack1.info.hit_0.png" delay="120" x="-50" y="-84"/>
  <i image="attack1.info.hit_1.png" delay="120" x="-50" y="-84"/>
  <i image="attack1.info.hit_2.png" delay="120" x="-50" y="-84"/>
  <i image="attack1_0.png" delay="120" x="-209" y="-203"/>
  <i image="attack1_1.png" delay="120" x="-209" y="-203"/>
  <i image="attack1_2.png" delay="120" x="-209" y="-203"/>
  <i image="attack1_3.png" delay="120" x="-209" y="-203"/>
  <i image="attack1_4.png" delay="120" x="-209" y="-203"/>
  <i image="attack1_5.png" delay="120" x="-209" y="-203"/>
  <i image="attack1_6.png" delay="120" x="-209" y="-203"/>
  <i image="attack1_7.png" delay="120" x="-209" y="-203"/>
  <i image="attack1_8.png" delay="120" x="-209" y="-203"/>
  <i image="attack1_9.png" delay="120" x="-209" y="-203"/>
  <i image="attack1_10.png" delay="120" x="-209" y="-203"/>
  <i image="attack1_11.png" delay="120" x="-209" y="-203"/>
  <i image="attack1_12.png" delay="120" x="-209" y="-203"/>
  <i image="attack1_13.png" delay="120" x="-209" y="-203"/>
  <i image="attack1_14.png" delay="120" x="-209" y="-203"/>
  <i image="attack1_15.png" delay="120" x="-209" y="-203"/>
  <i image="attack1_16.png" delay="120" x="-209" y="-203"/>
  <i image="attack1_17.png" delay="120" x="-209" y="-203"/>
  <i image="attack1_18.png" delay="120" x="-209" y="-203"/>
  <i image="attack1_19.png" delay="150" x="-209" y="-203"/>
  <i image="attack1_20.png" delay="150" x="-209" y="-203"/>
  <i image="attack1_21.png" delay="150" x="-209" y="-203"/>
  <i image="attack1_22.png" delay="150" x="-209" y="-203"/>
  <i image="attack1_23.png" delay="150" x="-209" y="-203"/>
  <i image="attack1_24.png" delay="150" x="-209" y="-203"/>
  <i image="attack1_25.png" delay="150" x="-209" y="-203"/>
  <i image="attack1_26.png" delay="150" x="-209" y="-203"/>
  <i image="attack1_27.png" delay="150" x="-209" y="-203"/>
  <i image="attack1_28.png" delay="150" x="-209" y="-203"/>
  <i image="skill1_0.png" delay="120" x="-114" y="-203"/>
  <i image="skill1_1.png" delay="120" x="-114" y="-203"/>
  <i image="skill1_2.png" delay="120" x="-114" y="-203"/>
  <i image="skill1_3.png" delay="120" x="-114" y="-203"/>
  <i image="skill1_4.png" delay="120" x="-114" y="-203"/>
  <i image="skill1_5.png" delay="120" x="-114" y="-203"/>
  <i image="skill1_6.png" delay="120" x="-114" y="-203"/>
  <i image="skill1_7.png" delay="120" x="-114" y="-203"/>
  <i image="skill1_8.png" delay="120" x="-114" y="-203"/>
  <i image="skill1_9.png" delay="120" x="-114" y="-203"/>
  <i image="skill1_10.png" delay="120" x="-114" y="-203"/>
  <i image="skill1_11.png" delay="120" x="-114" y="-203"/>
  <i image="skill1_12.png" delay="120" x="-114" y="-203"/>
  <i image="skill1_13.png" delay="120" x="-114" y="-203"/>
  <i image="skill1_14.png" delay="120" x="-114" y="-203"/>
  <i image="skill1_15.png" delay="120" x="-114" y="-203"/>
  <i image="hit1_0.png" delay="600" x="-101" y="-201"/>
  <i image="die1_0.png" delay="150" x="-121" y="-229"/>
  <i image="die1_1.png" delay="150" x="-121" y="-229"/>
  <i image="die1_2.png" delay="150" x="-121" y="-229"/>
  <i image="die1_3.png" delay="150" x="-121" y="-229"/>
  <i image="die1_4.png" delay="150" x="-121" y="-229"/>
  <i image="die1_5.png" delay="150" x="-121" y="-229"/>
  <i image="die1_6.png" delay="150" x="-121" y="-229"/>
  <i image="die1_7.png" delay="150" x="-121" y="-229"/>
  <i image="die1_8.png" delay="150" x="-121" y="-229"/>
  <i image="die1_9.png" delay="150" x="-121" y="-229"/>
  <i image="die1_10.png" delay="150" x="-121" y="-229"/>
</i>