<i>
  <i image="back_0.png" delay="100" x="-400" y="-300"/>
  <i image="back_1.png" delay="100" x="-400" y="-300"/>
  <i image="back_2.png" delay="100" x="-400" y="-300"/>
  <i image="back_3.png" delay="100" x="-400" y="-300"/>
  <i image="back_4.png" delay="100" x="-400" y="-300"/>
  <i image="back_5.png" delay="100" x="-400" y="-300"/>
  <i image="back_6.png" delay="100" x="-400" y="-300"/>
  <i image="back_7.png" delay="100" x="-400" y="-300"/>
  <i image="back_8.png" delay="100" x="-400" y="-300"/>
  <i image="back_9.png" delay="100" x="-400" y="-300"/>
  <i image="back_10.png" delay="100" x="-400" y="-300"/>
  <i image="back_11.png" delay="100" x="-400" y="-300"/>
  <i image="back_12.png" delay="100" x="-400" y="-300"/>
  <i image="back_13.png" delay="100" x="-400" y="-300"/>
  <i image="back_14.png" delay="100" x="-400" y="-300"/>
  <i image="back_15.png" delay="100" x="-400" y="-300"/>
  <i image="back_16.png" delay="100" x="-400" y="-300"/>
  <i image="back_17.png" delay="100" x="-400" y="-300"/>
  <i image="back_18.png" delay="100" x="-400" y="-300"/>
  <i image="back_19.png" delay="100" x="-400" y="-300"/>
  <i image="back_20.png" delay="100" x="-400" y="-300"/>
  <i image="back_21.png" delay="100" x="-400" y="-300"/>
  <i image="back_22.png" delay="100" x="-400" y="-300"/>
  <i image="back_23.png" delay="100" x="-400" y="-300"/>
  <i image="back_24.png" delay="100" x="-400" y="-300"/>
  <i image="back_25.png" delay="100" x="-400" y="-300"/>
  <i image="ani.0_0.png" delay="100" x="0" y="0"/>
  <i image="ani.1_0.png" delay="100" x="0" y="0"/>
  <i image="ani.2_0.png" delay="100" x="0" y="0"/>
  <i image="ani.3_0.png" delay="100" x="0" y="0"/>
  <i image="ani.4_0.png" delay="100" x="0" y="0"/>
  <i image="ani.5_0.png" delay="100" x="0" y="0"/>
  <i image="ani.6_0.png" delay="100" x="-185" y="-155"/>
  <i image="ani.6_1.png" delay="100" x="-185" y="-155"/>
  <i image="ani.7_0.png" delay="100" x="-159" y="-199"/>
  <i image="ani.7_1.png" delay="100" x="-159" y="-199"/>
  <i image="ani.8_0.png" delay="100" x="-159" y="-222"/>
  <i image="ani.8_1.png" delay="100" x="-159" y="-222"/>
  <i image="ani.9_0.png" delay="100" x="-140" y="-227"/>
  <i image="ani.9_1.png" delay="100" x="-140" y="-227"/>
  <i image="ani.10_0.png" delay="100" x="-162" y="-155"/>
  <i image="ani.10_1.png" delay="100" x="-162" y="-155"/>
  <i image="ani.11_0.png" delay="100" x="-131" y="-187"/>
  <i image="ani.11_1.png" delay="100" x="-131" y="-187"/>
  <i image="ani.11_2.png" delay="100" x="-131" y="-187"/>
  <i image="ani.12_0.png" delay="100" x="-202" y="-71"/>
  <i image="ani.12_1.png" delay="100" x="-202" y="-71"/>
  <i image="ani.13_0.png" delay="100" x="-195" y="-59"/>
  <i image="ani.13_1.png" delay="100" x="-195" y="-59"/>
  <i image="ani.14_0.png" delay="100" x="-199" y="-58"/>
  <i image="ani.14_1.png" delay="100" x="-199" y="-58"/>
  <i image="ani.15_0.png" delay="100" x="-195" y="-42"/>
  <i image="ani.15_1.png" delay="100" x="-195" y="-42"/>
  <i image="ani.16_0.png" delay="100" x="-163" y="-32"/>
  <i image="ani.16_1.png" delay="100" x="-163" y="-32"/>
  <i image="ani.16_2.png" delay="100" x="-163" y="-32"/>
  <i image="ani.16_3.png" delay="100" x="-163" y="-32"/>
  <i image="ani.17_0.png" delay="100" x="-201" y="-33"/>
  <i image="ani.17_1.png" delay="100" x="-201" y="-33"/>
  <i image="ani.17_2.png" delay="100" x="-201" y="-33"/>
  <i image="ani.17_3.png" delay="100" x="-201" y="-33"/>
  <i image="ani.18_0.png" delay="100" x="-181" y="-43"/>
  <i image="ani.18_1.png" delay="100" x="-181" y="-43"/>
  <i image="ani.18_2.png" delay="100" x="-181" y="-43"/>
  <i image="ani.18_3.png" delay="100" x="-181" y="-43"/>
  <i image="ani.19_0.png" delay="100" x="-20" y="-10"/>
  <i image="ani.19_1.png" delay="100" x="-20" y="-10"/>
  <i image="ani.19_2.png" delay="100" x="-20" y="-10"/>
  <i image="ani.19_3.png" delay="100" x="-20" y="-10"/>
  <i image="ani.20_0.png" delay="100" x="-31" y="-16"/>
  <i image="ani.20_1.png" delay="100" x="-31" y="-16"/>
  <i image="ani.20_2.png" delay="100" x="-31" y="-16"/>
  <i image="ani.20_3.png" delay="100" x="-31" y="-16"/>
  <i image="ani.21_0.png" delay="100" x="-384" y="-417"/>
  <i image="ani.21_1.png" delay="100" x="-384" y="-417"/>
  <i image="ani.21_2.png" delay="100" x="-384" y="-417"/>
  <i image="ani.21_3.png" delay="100" x="-384" y="-417"/>
  <i image="ani.21_4.png" delay="100" x="-384" y="-417"/>
  <i image="ani.21_5.png" delay="100" x="-384" y="-417"/>
</i>