<i>
  <i image="stand_0.png" delay="120" x="-220" y="-337"/>
  <i image="stand_1.png" delay="120" x="-220" y="-337"/>
  <i image="stand_2.png" delay="120" x="-220" y="-337"/>
  <i image="stand_3.png" delay="120" x="-220" y="-337"/>
  <i image="stand_4.png" delay="120" x="-220" y="-337"/>
  <i image="stand_5.png" delay="120" x="-220" y="-337"/>
  <i image="stand_6.png" delay="120" x="-220" y="-337"/>
  <i image="stand_7.png" delay="120" x="-220" y="-337"/>
  <i image="stand_8.png" delay="120" x="-220" y="-337"/>
  <i image="stand_9.png" delay="120" x="-220" y="-337"/>
  <i image="stand_10.png" delay="120" x="-220" y="-337"/>
  <i image="stand_11.png" delay="120" x="-220" y="-337"/>
  <i image="stand_12.png" delay="120" x="-220" y="-337"/>
  <i image="stand_13.png" delay="120" x="-220" y="-337"/>
  <i image="stand_14.png" delay="120" x="-220" y="-337"/>
  <i image="stand_15.png" delay="120" x="-220" y="-337"/>
  <i image="stand_16.png" delay="120" x="-220" y="-337"/>
  <i image="stand_17.png" delay="120" x="-220" y="-337"/>
  <i image="stand_18.png" delay="120" x="-220" y="-337"/>
  <i image="stand_19.png" delay="120" x="-220" y="-337"/>
  <i image="stand_20.png" delay="120" x="-220" y="-337"/>
  <i image="stand_21.png" delay="120" x="-220" y="-337"/>
  <i image="stand_22.png" delay="120" x="-220" y="-337"/>
  <i image="stand_23.png" delay="120" x="-220" y="-337"/>
  <i image="stand_24.png" delay="120" x="-220" y="-337"/>
  <i image="stand_25.png" delay="120" x="-220" y="-337"/>
  <i image="stand_26.png" delay="120" x="-220" y="-337"/>
  <i image="stand_27.png" delay="120" x="-220" y="-337"/>
  <i image="stand_28.png" delay="120" x="-220" y="-337"/>
  <i image="stand_29.png" delay="120" x="-220" y="-337"/>
  <i image="stand_30.png" delay="120" x="-220" y="-337"/>
  <i image="stand_31.png" delay="120" x="-220" y="-337"/>
  <i image="stand_32.png" delay="120" x="-220" y="-337"/>
  <i image="stand_33.png" delay="120" x="-220" y="-337"/>
  <i image="stand_34.png" delay="120" x="-220" y="-337"/>
  <i image="stand_35.png" delay="120" x="-220" y="-337"/>
  <i image="attack1.info.effect_0.png" delay="120" x="-315" y="-378"/>
  <i image="attack1.info.effect_1.png" delay="120" x="-315" y="-378"/>
  <i image="attack1.info.effect_2.png" delay="120" x="-315" y="-378"/>
  <i image="attack1.info.effect_3.png" delay="120" x="-315" y="-378"/>
  <i image="attack1.info.effect_4.png" delay="120" x="-315" y="-378"/>
  <i image="attack1.info.effect_5.png" delay="120" x="-315" y="-378"/>
  <i image="attack1.info.effect_6.png" delay="120" x="-315" y="-378"/>
  <i image="attack1.info.effect_7.png" delay="120" x="-315" y="-378"/>
  <i image="attack1.info.effect_8.png" delay="120" x="-315" y="-378"/>
  <i image="attack1.info.effect_9.png" delay="120" x="-315" y="-378"/>
  <i image="attack1.info.effect_10.png" delay="120" x="-315" y="-378"/>
  <i image="attack1.info.effect0.0_0.png" delay="100" x="-35" y="-208"/>
  <i image="attack1.info.effect0.0_1.png" delay="100" x="-35" y="-208"/>
  <i image="attack1.info.effect0.0_2.png" delay="100" x="-35" y="-208"/>
  <i image="attack1.info.effect0.0_3.png" delay="300" x="-35" y="-208"/>
  <i image="attack1.info.effect0.0_4.png" delay="100" x="-35" y="-208"/>
  <i image="attack1.info.effect0.0_5.png" delay="100" x="-35" y="-208"/>
  <i image="attack1.info.effect0.0_6.png" delay="100" x="-35" y="-208"/>
  <i image="attack1.info.effect0.0_7.png" delay="100" x="-35" y="-208"/>
  <i image="attack1.info.effect0.0_8.png" delay="100" x="-35" y="-208"/>
  <i image="attack1.info.effect0.0_9.png" delay="100" x="-35" y="-208"/>
  <i image="attack1.info.effect0.0_10.png" delay="100" x="-35" y="-208"/>
  <i image="attack1.info.effect0.0_11.png" delay="100" x="-35" y="-208"/>
  <i image="attack1.info.effect0.0_12.png" delay="100" x="-35" y="-208"/>
  <i image="attack1.info.effect0.0_13.png" delay="100" x="-35" y="-208"/>
  <i image="attack1.info.effect0.0_14.png" delay="100" x="-35" y="-208"/>
  <i image="attack1.info.effect0.0_15.png" delay="100" x="-35" y="-208"/>
  <i image="attack1.info.effect0.0_16.png" delay="100" x="-35" y="-208"/>
  <i image="attack1.info.effect0.0_17.png" delay="100" x="-35" y="-208"/>
  <i image="attack1.info.effect0.0_18.png" delay="100" x="-35" y="-208"/>
  <i image="attack1.info.effect0.0_19.png" delay="100" x="-35" y="-208"/>
  <i image="attack1.info.effect0.0_20.png" delay="100" x="-35" y="-208"/>
  <i image="attack1.info.effect0.0_21.png" delay="100" x="-35" y="-208"/>
  <i image="attack1.info.effect0.0_22.png" delay="100" x="-35" y="-208"/>
  <i image="attack1.info.effect0.0_23.png" delay="100" x="-35" y="-208"/>
  <i image="attack1.info.effect0.0_24.png" delay="100" x="-35" y="-208"/>
  <i image="attack1.info.effect0.0_25.png" delay="100" x="-35" y="-208"/>
  <i image="attack1.info.effect0.0_26.png" delay="100" x="-35" y="-208"/>
  <i image="attack1.info.effect0.0_27.png" delay="100" x="-35" y="-208"/>
  <i image="attack1.info.effect0.0_28.png" delay="100" x="-35" y="-208"/>
  <i image="attack1.info.effect0.0_29.png" delay="100" x="-35" y="-208"/>
  <i image="attack1.info.effect0.0_30.png" delay="100" x="-35" y="-208"/>
  <i image="attack1.info.effect0.0_31.png" delay="100" x="-35" y="-208"/>
  <i image="attack1.info.effect0.0_32.png" delay="100" x="-35" y="-208"/>
  <i image="attack1.info.effect0.0_33.png" delay="100" x="-35" y="-208"/>
  <i image="attack1.info.effect0.0_34.png" delay="100" x="-35" y="-208"/>
  <i image="attack1.info.effect0.0_35.png" delay="100" x="-35" y="-208"/>
  <i image="attack1.info.effect0.0_36.png" delay="100" x="-35" y="-208"/>
  <i image="attack1.info.effect0.0_37.png" delay="100" x="-35" y="-208"/>
  <i image="attack1.info.effect0.1_0.png" delay="100" x="-35" y="-208"/>
  <i image="attack1.info.effect0.1_1.png" delay="100" x="-35" y="-208"/>
  <i image="attack1.info.effect0.1_2.png" delay="100" x="-35" y="-208"/>
  <i image="attack1.info.effect0.1_3.png" delay="300" x="-35" y="-208"/>
  <i image="attack1.info.effect0.1_4.png" delay="100" x="-35" y="-208"/>
  <i image="attack1.info.effect0.1_5.png" delay="100" x="-35" y="-208"/>
  <i image="attack1.info.effect0.1_6.png" delay="100" x="-35" y="-208"/>
  <i image="attack1.info.effect0.1_7.png" delay="100" x="-35" y="-208"/>
  <i image="attack1.info.effect0.1_8.png" delay="100" x="-35" y="-208"/>
  <i image="attack1.info.effect0.1_9.png" delay="100" x="-35" y="-208"/>
  <i image="attack1.info.effect0.1_10.png" delay="100" x="-35" y="-208"/>
  <i image="attack1.info.effect0.1_11.png" delay="100" x="-35" y="-208"/>
  <i image="attack1.info.effect0.1_12.png" delay="100" x="-35" y="-208"/>
  <i image="attack1.info.effect0.1_13.png" delay="100" x="-35" y="-208"/>
  <i image="attack1.info.effect0.1_14.png" delay="100" x="-35" y="-208"/>
  <i image="attack1.info.effect0.1_15.png" delay="100" x="-35" y="-208"/>
  <i image="attack1.info.effect0.1_16.png" delay="100" x="-35" y="-208"/>
  <i image="attack1.info.effect0.1_17.png" delay="100" x="-35" y="-208"/>
  <i image="attack1.info.effect0.1_18.png" delay="100" x="-35" y="-208"/>
  <i image="attack1.info.effect0.1_19.png" delay="100" x="-35" y="-208"/>
  <i image="attack1.info.effect0.1_20.png" delay="100" x="-35" y="-208"/>
  <i image="attack1.info.effect0.1_21.png" delay="100" x="-35" y="-208"/>
  <i image="attack1.info.effect0.1_22.png" delay="100" x="-35" y="-208"/>
  <i image="attack1.info.effect0.1_23.png" delay="100" x="-35" y="-208"/>
  <i image="attack1.info.effect0.1_24.png" delay="100" x="-35" y="-208"/>
  <i image="attack1.info.effect0.1_25.png" delay="100" x="-35" y="-208"/>
  <i image="attack1.info.effect0.1_26.png" delay="100" x="-35" y="-208"/>
  <i image="attack1.info.effect0.1_27.png" delay="100" x="-35" y="-208"/>
  <i image="attack1.info.effect0.1_28.png" delay="100" x="-35" y="-208"/>
  <i image="attack1.info.effect0.1_29.png" delay="100" x="-35" y="-208"/>
  <i image="attack1.info.effect0.1_30.png" delay="100" x="-35" y="-208"/>
  <i image="attack1.info.effect0.1_31.png" delay="100" x="-35" y="-208"/>
  <i image="attack1.info.effect0.1_32.png" delay="100" x="-35" y="-208"/>
  <i image="attack1.info.effect0.1_33.png" delay="100" x="-35" y="-208"/>
  <i image="attack1.info.effect0.1_34.png" delay="100" x="-35" y="-208"/>
  <i image="attack1.info.effect0.1_35.png" delay="100" x="-35" y="-208"/>
  <i image="attack1.info.effect0.1_36.png" delay="100" x="-35" y="-208"/>
  <i image="attack1.info.effect0.1_37.png" delay="100" x="-35" y="-208"/>
  <i image="attack1.info.effect0.2_0.png" delay="100" x="-35" y="-208"/>
  <i image="attack1.info.effect0.2_1.png" delay="100" x="-35" y="-208"/>
  <i image="attack1.info.effect0.2_2.png" delay="100" x="-35" y="-208"/>
  <i image="attack1.info.effect0.2_3.png" delay="300" x="-35" y="-208"/>
  <i image="attack1.info.effect0.2_4.png" delay="100" x="-35" y="-208"/>
  <i image="attack1.info.effect0.2_5.png" delay="100" x="-35" y="-208"/>
  <i image="attack1.info.effect0.2_6.png" delay="100" x="-35" y="-208"/>
  <i image="attack1.info.effect0.2_7.png" delay="100" x="-35" y="-208"/>
  <i image="attack1.info.effect0.2_8.png" delay="100" x="-35" y="-208"/>
  <i image="attack1.info.effect0.2_9.png" delay="100" x="-35" y="-208"/>
  <i image="attack1.info.effect0.2_10.png" delay="100" x="-35" y="-208"/>
  <i image="attack1.info.effect0.2_11.png" delay="100" x="-35" y="-208"/>
  <i image="attack1.info.effect0.2_12.png" delay="100" x="-35" y="-208"/>
  <i image="attack1.info.effect0.2_13.png" delay="100" x="-35" y="-208"/>
  <i image="attack1.info.effect0.2_14.png" delay="100" x="-35" y="-208"/>
  <i image="attack1.info.effect0.2_15.png" delay="100" x="-35" y="-208"/>
  <i image="attack1.info.effect0.2_16.png" delay="100" x="-35" y="-208"/>
  <i image="attack1.info.effect0.2_17.png" delay="100" x="-35" y="-208"/>
  <i image="attack1.info.effect0.2_18.png" delay="100" x="-35" y="-208"/>
  <i image="attack1.info.effect0.2_19.png" delay="100" x="-35" y="-208"/>
  <i image="attack1.info.effect0.2_20.png" delay="100" x="-35" y="-208"/>
  <i image="attack1.info.effect0.2_21.png" delay="100" x="-35" y="-208"/>
  <i image="attack1.info.effect0.2_22.png" delay="100" x="-35" y="-208"/>
  <i image="attack1.info.effect0.2_23.png" delay="100" x="-35" y="-208"/>
  <i image="attack1.info.effect0.2_24.png" delay="100" x="-35" y="-208"/>
  <i image="attack1.info.effect0.2_25.png" delay="100" x="-35" y="-208"/>
  <i image="attack1.info.effect0.2_26.png" delay="100" x="-35" y="-208"/>
  <i image="attack1.info.effect0.2_27.png" delay="100" x="-35" y="-208"/>
  <i image="attack1.info.effect0.2_28.png" delay="100" x="-35" y="-208"/>
  <i image="attack1.info.effect0.2_29.png" delay="100" x="-35" y="-208"/>
  <i image="attack1.info.effect0.2_30.png" delay="100" x="-35" y="-208"/>
  <i image="attack1.info.effect0.2_31.png" delay="100" x="-35" y="-208"/>
  <i image="attack1.info.effect0.2_32.png" delay="100" x="-35" y="-208"/>
  <i image="attack1.info.effect0.2_33.png" delay="100" x="-35" y="-208"/>
  <i image="attack1.info.effect0.2_34.png" delay="100" x="-35" y="-208"/>
  <i image="attack1.info.effect0.2_35.png" delay="100" x="-35" y="-208"/>
  <i image="attack1.info.effect0.2_36.png" delay="100" x="-35" y="-208"/>
  <i image="attack1.info.effect0.2_37.png" delay="100" x="-35" y="-208"/>
  <i image="attack1.info.effect0.3_0.png" delay="100" x="-35" y="-208"/>
  <i image="attack1.info.effect0.3_1.png" delay="100" x="-35" y="-208"/>
  <i image="attack1.info.effect0.3_2.png" delay="100" x="-35" y="-208"/>
  <i image="attack1.info.effect0.3_3.png" delay="300" x="-35" y="-208"/>
  <i image="attack1.info.effect0.3_4.png" delay="100" x="-35" y="-208"/>
  <i image="attack1.info.effect0.3_5.png" delay="100" x="-35" y="-208"/>
  <i image="attack1.info.effect0.3_6.png" delay="100" x="-35" y="-208"/>
  <i image="attack1.info.effect0.3_7.png" delay="100" x="-35" y="-208"/>
  <i image="attack1.info.effect0.3_8.png" delay="100" x="-35" y="-208"/>
  <i image="attack1.info.effect0.3_9.png" delay="100" x="-35" y="-208"/>
  <i image="attack1.info.effect0.3_10.png" delay="100" x="-35" y="-208"/>
  <i image="attack1.info.effect0.3_11.png" delay="100" x="-35" y="-208"/>
  <i image="attack1.info.effect0.3_12.png" delay="100" x="-35" y="-208"/>
  <i image="attack1.info.effect0.3_13.png" delay="100" x="-35" y="-208"/>
  <i image="attack1.info.effect0.3_14.png" delay="100" x="-35" y="-208"/>
  <i image="attack1.info.effect0.3_15.png" delay="100" x="-35" y="-208"/>
  <i image="attack1.info.effect0.3_16.png" delay="100" x="-35" y="-208"/>
  <i image="attack1.info.effect0.3_17.png" delay="100" x="-35" y="-208"/>
  <i image="attack1.info.effect0.3_18.png" delay="100" x="-35" y="-208"/>
  <i image="attack1.info.effect0.3_19.png" delay="100" x="-35" y="-208"/>
  <i image="attack1.info.effect0.3_20.png" delay="100" x="-35" y="-208"/>
  <i image="attack1.info.effect0.3_21.png" delay="100" x="-35" y="-208"/>
  <i image="attack1.info.effect0.3_22.png" delay="100" x="-35" y="-208"/>
  <i image="attack1.info.effect0.3_23.png" delay="100" x="-35" y="-208"/>
  <i image="attack1.info.effect0.3_24.png" delay="100" x="-35" y="-208"/>
  <i image="attack1.info.effect0.3_25.png" delay="100" x="-35" y="-208"/>
  <i image="attack1.info.effect0.3_26.png" delay="100" x="-35" y="-208"/>
  <i image="attack1.info.effect0.3_27.png" delay="100" x="-35" y="-208"/>
  <i image="attack1.info.effect0.3_28.png" delay="100" x="-35" y="-208"/>
  <i image="attack1.info.effect0.3_29.png" delay="100" x="-35" y="-208"/>
  <i image="attack1.info.effect0.3_30.png" delay="100" x="-35" y="-208"/>
  <i image="attack1.info.effect0.3_31.png" delay="100" x="-35" y="-208"/>
  <i image="attack1.info.effect0.3_32.png" delay="100" x="-35" y="-208"/>
  <i image="attack1.info.effect0.3_33.png" delay="100" x="-35" y="-208"/>
  <i image="attack1.info.effect0.3_34.png" delay="100" x="-35" y="-208"/>
  <i image="attack1.info.effect0.3_35.png" delay="100" x="-35" y="-208"/>
  <i image="attack1.info.effect0.3_36.png" delay="100" x="-35" y="-208"/>
  <i image="attack1.info.effect0.3_37.png" delay="100" x="-35" y="-208"/>
  <i image="attack1.info.effect0.4_0.png" delay="100" x="-35" y="-208"/>
  <i image="attack1.info.effect0.4_1.png" delay="100" x="-35" y="-208"/>
  <i image="attack1.info.effect0.4_2.png" delay="100" x="-35" y="-208"/>
  <i image="attack1.info.effect0.4_3.png" delay="300" x="-35" y="-208"/>
  <i image="attack1.info.effect0.4_4.png" delay="100" x="-35" y="-208"/>
  <i image="attack1.info.effect0.4_5.png" delay="100" x="-35" y="-208"/>
  <i image="attack1.info.effect0.4_6.png" delay="100" x="-35" y="-208"/>
  <i image="attack1.info.effect0.4_7.png" delay="100" x="-35" y="-208"/>
  <i image="attack1.info.effect0.4_8.png" delay="100" x="-35" y="-208"/>
  <i image="attack1.info.effect0.4_9.png" delay="100" x="-35" y="-208"/>
  <i image="attack1.info.effect0.4_10.png" delay="100" x="-35" y="-208"/>
  <i image="attack1.info.effect0.4_11.png" delay="100" x="-35" y="-208"/>
  <i image="attack1.info.effect0.4_12.png" delay="100" x="-35" y="-208"/>
  <i image="attack1.info.effect0.4_13.png" delay="100" x="-35" y="-208"/>
  <i image="attack1.info.effect0.4_14.png" delay="100" x="-35" y="-208"/>
  <i image="attack1.info.effect0.4_15.png" delay="100" x="-35" y="-208"/>
  <i image="attack1.info.effect0.4_16.png" delay="100" x="-35" y="-208"/>
  <i image="attack1.info.effect0.4_17.png" delay="100" x="-35" y="-208"/>
  <i image="attack1.info.effect0.4_18.png" delay="100" x="-35" y="-208"/>
  <i image="attack1.info.effect0.4_19.png" delay="100" x="-35" y="-208"/>
  <i image="attack1.info.effect0.4_20.png" delay="100" x="-35" y="-208"/>
  <i image="attack1.info.effect0.4_21.png" delay="100" x="-35" y="-208"/>
  <i image="attack1.info.effect0.4_22.png" delay="100" x="-35" y="-208"/>
  <i image="attack1.info.effect0.4_23.png" delay="100" x="-35" y="-208"/>
  <i image="attack1.info.effect0.4_24.png" delay="100" x="-35" y="-208"/>
  <i image="attack1.info.effect0.4_25.png" delay="100" x="-35" y="-208"/>
  <i image="attack1.info.effect0.4_26.png" delay="100" x="-35" y="-208"/>
  <i image="attack1.info.effect0.4_27.png" delay="100" x="-35" y="-208"/>
  <i image="attack1.info.effect0.4_28.png" delay="100" x="-35" y="-208"/>
  <i image="attack1.info.effect0.4_29.png" delay="100" x="-35" y="-208"/>
  <i image="attack1.info.effect0.4_30.png" delay="100" x="-35" y="-208"/>
  <i image="attack1.info.effect0.4_31.png" delay="100" x="-35" y="-208"/>
  <i image="attack1.info.effect0.4_32.png" delay="100" x="-35" y="-208"/>
  <i image="attack1.info.effect0.4_33.png" delay="100" x="-35" y="-208"/>
  <i image="attack1.info.effect0.4_34.png" delay="100" x="-35" y="-208"/>
  <i image="attack1.info.effect0.4_35.png" delay="100" x="-35" y="-208"/>
  <i image="attack1.info.effect0.4_36.png" delay="100" x="-35" y="-208"/>
  <i image="attack1.info.effect0.4_37.png" delay="100" x="-35" y="-208"/>
  <i image="attack1.info.hit_0.png" delay="70" x="-51" y="-104"/>
  <i image="attack1.info.hit_1.png" delay="70" x="-51" y="-104"/>
  <i image="attack1_0.png" delay="120" x="-220" y="-354"/>
  <i image="attack1_1.png" delay="120" x="-220" y="-354"/>
  <i image="attack1_2.png" delay="120" x="-220" y="-354"/>
  <i image="attack1_3.png" delay="120" x="-220" y="-354"/>
  <i image="attack1_4.png" delay="120" x="-220" y="-354"/>
  <i image="attack1_5.png" delay="120" x="-220" y="-354"/>
  <i image="attack1_6.png" delay="120" x="-220" y="-354"/>
  <i image="attack1_7.png" delay="120" x="-220" y="-354"/>
  <i image="attack1_8.png" delay="120" x="-220" y="-354"/>
  <i image="attack1_9.png" delay="120" x="-220" y="-354"/>
  <i image="attack1_10.png" delay="120" x="-220" y="-354"/>
  <i image="attack1_11.png" delay="120" x="-220" y="-354"/>
  <i image="attack1_12.png" delay="120" x="-220" y="-354"/>
  <i image="attack1_13.png" delay="120" x="-220" y="-354"/>
  <i image="attack1_14.png" delay="120" x="-220" y="-354"/>
  <i image="attack1_15.png" delay="120" x="-220" y="-354"/>
  <i image="attack1_16.png" delay="120" x="-220" y="-354"/>
  <i image="attack1_17.png" delay="120" x="-220" y="-354"/>
  <i image="attack1_18.png" delay="120" x="-220" y="-354"/>
  <i image="attack1_19.png" delay="120" x="-220" y="-354"/>
  <i image="attack1_20.png" delay="120" x="-220" y="-354"/>
  <i image="attack1_21.png" delay="120" x="-220" y="-354"/>
  <i image="attack1_22.png" delay="120" x="-220" y="-354"/>
  <i image="attack1_23.png" delay="120" x="-220" y="-354"/>
  <i image="attack1_24.png" delay="120" x="-220" y="-354"/>
  <i image="attack1_25.png" delay="120" x="-220" y="-354"/>
  <i image="attack1_26.png" delay="120" x="-220" y="-354"/>
  <i image="attack1_27.png" delay="120" x="-220" y="-354"/>
  <i image="attack1_28.png" delay="120" x="-220" y="-354"/>
  <i image="attack1_29.png" delay="120" x="-220" y="-354"/>
  <i image="attack1_30.png" delay="120" x="-220" y="-354"/>
  <i image="attack1_31.png" delay="120" x="-220" y="-354"/>
  <i image="attack1_32.png" delay="120" x="-220" y="-354"/>
  <i image="attack1_33.png" delay="120" x="-220" y="-354"/>
  <i image="attack1_34.png" delay="120" x="-220" y="-354"/>
  <i image="attack1_35.png" delay="120" x="-220" y="-354"/>
  <i image="attack2.info.effect_0.png" delay="120" x="-315" y="-377"/>
  <i image="attack2.info.effect_1.png" delay="120" x="-315" y="-377"/>
  <i image="attack2.info.effect_2.png" delay="120" x="-315" y="-377"/>
  <i image="attack2.info.effect_3.png" delay="120" x="-315" y="-377"/>
  <i image="attack2.info.effect_4.png" delay="120" x="-315" y="-377"/>
  <i image="attack2.info.effect_5.png" delay="120" x="-315" y="-377"/>
  <i image="attack2.info.effect_6.png" delay="120" x="-315" y="-377"/>
  <i image="attack2.info.effect_7.png" delay="120" x="-315" y="-377"/>
  <i image="attack2.info.effect_8.png" delay="120" x="-315" y="-377"/>
  <i image="attack2.info.effect_9.png" delay="120" x="-315" y="-377"/>
  <i image="attack2.info.effect_10.png" delay="120" x="-315" y="-377"/>
  <i image="attack2.info.areaWarning_0.png" delay="100" x="-82" y="-566"/>
  <i image="attack2.info.areaWarning_1.png" delay="100" x="-82" y="-566"/>
  <i image="attack2.info.areaWarning_2.png" delay="100" x="-82" y="-566"/>
  <i image="attack2.info.areaWarning_3.png" delay="100" x="-82" y="-566"/>
  <i image="attack2.info.areaWarning_4.png" delay="100" x="-82" y="-566"/>
  <i image="attack2.info.areaWarning_5.png" delay="100" x="-82" y="-566"/>
  <i image="attack2.info.areaWarning_6.png" delay="100" x="-82" y="-566"/>
  <i image="attack2.info.areaWarning_7.png" delay="100" x="-82" y="-566"/>
  <i image="attack2.info.areaWarning_8.png" delay="100" x="-82" y="-566"/>
  <i image="attack2.info.areaWarning_9.png" delay="100" x="-82" y="-566"/>
  <i image="attack2.info.areaWarning_10.png" delay="100" x="-82" y="-566"/>
  <i image="attack2.info.areaWarning_11.png" delay="100" x="-82" y="-566"/>
  <i image="attack2.info.areaWarning_12.png" delay="100" x="-82" y="-566"/>
  <i image="attack2.info.areaWarning_13.png" delay="100" x="-82" y="-566"/>
  <i image="attack2.info.areaWarning_14.png" delay="100" x="-82" y="-566"/>
  <i image="attack2.info.areaWarning_15.png" delay="100" x="-82" y="-566"/>
  <i image="attack2.info.areaWarning_16.png" delay="100" x="-82" y="-566"/>
  <i image="attack2.info.areaWarning_17.png" delay="100" x="-82" y="-566"/>
  <i image="attack2.info.areaWarning_18.png" delay="100" x="-82" y="-566"/>
  <i image="attack2.info.areaWarning_19.png" delay="100" x="-82" y="-566"/>
  <i image="attack2.info.areaWarning_20.png" delay="100" x="-82" y="-566"/>
  <i image="attack2.info.areaWarning_21.png" delay="100" x="-82" y="-566"/>
  <i image="attack2.info.areaWarning_22.png" delay="130" x="-82" y="-566"/>
  <i image="attack2.info.areaWarning_23.png" delay="130" x="-82" y="-566"/>
  <i image="attack2.info.areaWarning_24.png" delay="130" x="-82" y="-566"/>
  <i image="attack2.info.areaWarning_25.png" delay="130" x="-82" y="-566"/>
  <i image="attack2.info.hit_0.png" delay="100" x="-50" y="-98"/>
  <i image="attack2.info.hit_1.png" delay="100" x="-50" y="-98"/>
  <i image="attack2_0.png" delay="120" x="-220" y="-354"/>
  <i image="attack2_1.png" delay="120" x="-220" y="-354"/>
  <i image="attack2_2.png" delay="120" x="-220" y="-354"/>
  <i image="attack2_3.png" delay="120" x="-220" y="-354"/>
  <i image="attack2_4.png" delay="120" x="-220" y="-354"/>
  <i image="attack2_5.png" delay="120" x="-220" y="-354"/>
  <i image="attack2_6.png" delay="120" x="-220" y="-354"/>
  <i image="attack2_7.png" delay="120" x="-220" y="-354"/>
  <i image="attack2_8.png" delay="120" x="-220" y="-354"/>
  <i image="attack2_9.png" delay="120" x="-220" y="-354"/>
  <i image="attack2_10.png" delay="120" x="-220" y="-354"/>
  <i image="attack2_11.png" delay="120" x="-220" y="-354"/>
  <i image="attack2_12.png" delay="120" x="-220" y="-354"/>
  <i image="attack2_13.png" delay="120" x="-220" y="-354"/>
  <i image="attack2_14.png" delay="120" x="-220" y="-354"/>
  <i image="attack2_15.png" delay="120" x="-220" y="-354"/>
  <i image="attack2_16.png" delay="120" x="-220" y="-354"/>
  <i image="attack2_17.png" delay="120" x="-220" y="-354"/>
  <i image="attack2_18.png" delay="120" x="-220" y="-354"/>
  <i image="attack2_19.png" delay="120" x="-220" y="-354"/>
  <i image="attack2_20.png" delay="120" x="-220" y="-354"/>
  <i image="attack2_21.png" delay="120" x="-220" y="-354"/>
  <i image="attack2_22.png" delay="120" x="-220" y="-354"/>
  <i image="attack2_23.png" delay="120" x="-220" y="-354"/>
  <i image="attack3.info.effect_0.png" delay="120" x="-872" y="-380"/>
  <i image="attack3.info.effect_1.png" delay="120" x="-872" y="-380"/>
  <i image="attack3.info.effect_2.png" delay="120" x="-872" y="-380"/>
  <i image="attack3.info.effect_3.png" delay="120" x="-872" y="-380"/>
  <i image="attack3.info.effect_4.png" delay="120" x="-872" y="-380"/>
  <i image="attack3.info.effect_5.png" delay="120" x="-872" y="-380"/>
  <i image="attack3.info.effect_6.png" delay="120" x="-872" y="-380"/>
  <i image="attack3.info.effect_7.png" delay="120" x="-872" y="-380"/>
  <i image="attack3.info.effect_8.png" delay="120" x="-872" y="-380"/>
  <i image="attack3.info.effect_9.png" delay="120" x="-872" y="-380"/>
  <i image="attack3.info.effect_10.png" delay="120" x="-872" y="-380"/>
  <i image="attack3.info.effect_11.png" delay="120" x="-872" y="-380"/>
  <i image="attack3.info.hit_0.png" delay="100" x="-38" y="-93"/>
  <i image="attack3.info.hit_1.png" delay="100" x="-38" y="-93"/>
  <i image="attack3_0.png" delay="120" x="-220" y="-354"/>
  <i image="attack3_1.png" delay="120" x="-220" y="-354"/>
  <i image="attack3_2.png" delay="120" x="-220" y="-354"/>
  <i image="attack3_3.png" delay="120" x="-220" y="-354"/>
  <i image="attack3_4.png" delay="120" x="-220" y="-354"/>
  <i image="attack3_5.png" delay="120" x="-220" y="-354"/>
  <i image="attack3_6.png" delay="120" x="-220" y="-354"/>
  <i image="attack3_7.png" delay="120" x="-220" y="-354"/>
  <i image="attack3_8.png" delay="120" x="-220" y="-354"/>
  <i image="attack3_9.png" delay="120" x="-220" y="-354"/>
  <i image="attack3_10.png" delay="120" x="-220" y="-354"/>
  <i image="attack3_11.png" delay="120" x="-220" y="-354"/>
  <i image="attack3_12.png" delay="120" x="-220" y="-354"/>
  <i image="attack3_13.png" delay="120" x="-220" y="-354"/>
  <i image="attack3_14.png" delay="120" x="-220" y="-354"/>
  <i image="attack3_15.png" delay="120" x="-220" y="-354"/>
  <i image="attack3_16.png" delay="120" x="-220" y="-354"/>
  <i image="attack3_17.png" delay="120" x="-220" y="-354"/>
  <i image="attack3_18.png" delay="120" x="-220" y="-354"/>
  <i image="attack3_19.png" delay="120" x="-220" y="-354"/>
  <i image="attack3_20.png" delay="120" x="-220" y="-354"/>
  <i image="attack3_21.png" delay="120" x="-220" y="-354"/>
  <i image="attack3_22.png" delay="120" x="-220" y="-354"/>
  <i image="attack3_23.png" delay="120" x="-220" y="-354"/>
  <i image="attack3_24.png" delay="120" x="-220" y="-354"/>
  <i image="hit1_0.png" delay="600" x="-244" y="-355"/>
  <i image="die1_0.png" delay="120" x="-267" y="-355"/>
  <i image="die1_1.png" delay="120" x="-267" y="-355"/>
  <i image="die1_2.png" delay="120" x="-267" y="-355"/>
  <i image="die1_3.png" delay="120" x="-267" y="-355"/>
  <i image="die1_4.png" delay="120" x="-267" y="-355"/>
  <i image="die1_5.png" delay="120" x="-267" y="-355"/>
  <i image="die1_6.png" delay="120" x="-267" y="-355"/>
  <i image="die1_7.png" delay="120" x="-267" y="-355"/>
  <i image="die1_8.png" delay="300" x="-267" y="-355"/>
</i>