<i>
  <i image="fly_0.png" delay="40" x="-37" y="-64"/>
  <i image="fly_1.png" delay="40" x="-37" y="-64"/>
  <i image="fly_2.png" delay="40" x="-37" y="-64"/>
  <i image="fly_3.png" delay="40" x="-37" y="-64"/>
  <i image="fly_4.png" delay="40" x="-37" y="-64"/>
  <i image="fly_5.png" delay="40" x="-37" y="-64"/>
  <i image="hit1_0.png" delay="600" x="-17" y="-69"/>
  <i image="die1_0.png" delay="130" x="-57" y="-70"/>
  <i image="die1_1.png" delay="130" x="-57" y="-70"/>
  <i image="die1_2.png" delay="130" x="-57" y="-70"/>
  <i image="die1_3.png" delay="130" x="-57" y="-70"/>
  <i image="die1_4.png" delay="130" x="-57" y="-70"/>
  <i image="die1_5.png" delay="130" x="-57" y="-70"/>
  <i image="die1_6.png" delay="300" x="-57" y="-70"/>
</i>