<i>
  <i image="back_0.png" delay="100" x="-400" y="-300"/>
  <i image="back_1.png" delay="100" x="-400" y="-300"/>
  <i image="back_2.png" delay="100" x="-400" y="-300"/>
  <i image="back_3.png" delay="100" x="-400" y="-300"/>
  <i image="back_4.png" delay="100" x="-400" y="-300"/>
  <i image="back_5.png" delay="100" x="-400" y="-300"/>
  <i image="back_6.png" delay="100" x="-400" y="-300"/>
  <i image="back_7.png" delay="100" x="-400" y="-300"/>
  <i image="back_8.png" delay="100" x="-400" y="-300"/>
  <i image="back_9.png" delay="100" x="-400" y="-300"/>
  <i image="back_10.png" delay="100" x="-400" y="-300"/>
  <i image="back_11.png" delay="100" x="-400" y="-300"/>
  <i image="back_12.png" delay="100" x="-400" y="-300"/>
  <i image="back_13.png" delay="100" x="-400" y="-300"/>
  <i image="back_14.png" delay="100" x="-400" y="-300"/>
  <i image="back_15.png" delay="100" x="-400" y="-300"/>
  <i image="back_16.png" delay="100" x="-400" y="-300"/>
  <i image="back_17.png" delay="100" x="-400" y="-300"/>
  <i image="back_18.png" delay="100" x="-400" y="-300"/>
  <i image="back_19.png" delay="100" x="-400" y="-300"/>
</i>